pokrycie,program,%AthCNV
20%,assemblytics,17.444614008314478
20%,showdiff,19.507446192706414
20%,svmu,19.186444245645426
50%,assemblytics,11.540283113192654
50%,showdiff,9.535336525811713
50%,svmu,10.887754565068674
80%,assemblytics,7.35147082039678
80%,showdiff,3.8099247487238856
80%,svmu,5.762248066094827
