pokrycie,program,%AthCNV
20%,lumpy,0.7472504341419776
20%,sniffles_minimap,11.082460664105668
20%,sniffles,10.840393622059675
20%,nanosv,16.492132821133506
50%,lumpy,0.631479240119981
50%,sniffles_minimap,6.735778561279798
50%,sniffles,6.867336736304794
50%,nanosv,9.856338472872704
80%,lumpy,0.5262327000999842
80%,sniffles_minimap,3.930958269746882
80%,sniffles,4.141451349786876
80%,nanosv,5.67805083407883
